AUDI,A3,2012,AIR BAGS:FRONTAL:DRIVER SIDE INFLATOR MODULE
AUDI,A3,2011,AIR BAGS:FRONTAL:DRIVER SIDE INFLATOR MODULE
AUDI,A3,2013,AIR BAGS:FRONTAL:DRIVER SIDE INFLATOR MODULE
AUDI,A3,2010,AIR BAGS:FRONTAL:DRIVER SIDE INFLATOR MODULE
AUDI,A4 ,2007,AIR BAGS:FRONTAL:DRIVER SIDE INFLATOR MODULE
AUDI,A3,2005,AIR BAGS:FRONTAL:DRIVER SIDE INFLATOR MODULE
AUDI,A4 ,2009,AIR BAGS:FRONTAL:DRIVER SIDE INFLATOR MODULE
AUDI,A4 ,2006,AIR BAGS:FRONTAL:DRIVER SIDE INFLATOR MODULE
AUDI,A3,2009,AIR BAGS:FRONTAL:DRIVER SIDE INFLATOR MODULE
AUDI,A3,2008,AIR BAGS:FRONTAL:DRIVER SIDE INFLATOR MODULE
AUDI,A3,2007,AIR BAGS:FRONTAL:DRIVER SIDE INFLATOR MODULE
AUDI,A3,2006,AIR BAGS:FRONTAL:DRIVER SIDE INFLATOR MODULE
TOYOTA,SEQUOIA,2011,SEATS:FRONT ASSEMBLY:SEAT HEATER/COOLER
TOYOTA,HIGHLANDER,2011,SEATS:FRONT ASSEMBLY:SEAT HEATER/COOLER
TOYOTA,TUNDRA,2011,SEATS:FRONT ASSEMBLY:SEAT HEATER/COOLER
TOYOTA,SIENNA,2011,SEATS:FRONT ASSEMBLY:SEAT HEATER/COOLER
TOYOTA,COROLLA,2011,SEATS:FRONT ASSEMBLY:SEAT HEATER/COOLER
TOYOTA,PRIUS,2011,SEATS:FRONT ASSEMBLY:SEAT HEATER/COOLER
TOYOTA,TACOMA,2011,SEATS:FRONT ASSEMBLY:SEAT HEATER/COOLER
TOYOTA,RAV4,2011,SEATS:FRONT ASSEMBLY:SEAT HEATER/COOLER
TOYOTA,VENZA,2011,SEATS:FRONT ASSEMBLY:SEAT HEATER/COOLER
TOYOTA,VENZA,2010,SEATS:FRONT ASSEMBLY:SEAT HEATER/COOLER
TOYOTA,CAMRY,2011,SEATS:FRONT ASSEMBLY:SEAT HEATER/COOLER
TOYOTA,TACOMA,2010,SEATS:FRONT ASSEMBLY:SEAT HEATER/COOLER
TOYOTA,PRIUS,2010,SEATS:FRONT ASSEMBLY:SEAT HEATER/COOLER
TOYOTA,HIGHLANDER,2010,SEATS:FRONT ASSEMBLY:SEAT HEATER/COOLER
TOYOTA,FJ CRUISER,2010,SEATS:FRONT ASSEMBLY:SEAT HEATER/COOLER
TOYOTA,4RUNNER,2010,SEATS:FRONT ASSEMBLY:SEAT HEATER/COOLER
TOYOTA,COROLLA,2010,SEATS:FRONT ASSEMBLY:SEAT HEATER/COOLER
TOYOTA,CAMRY,2010,SEATS:FRONT ASSEMBLY:SEAT HEATER/COOLER
TOYOTA,TUNDRA,2010,SEATS:FRONT ASSEMBLY:SEAT HEATER/COOLER
TOYOTA,SIENNA,2010,SEATS:FRONT ASSEMBLY:SEAT HEATER/COOLER
TOYOTA,SEQUOIA,2010,SEATS:FRONT ASSEMBLY:SEAT HEATER/COOLER
TOYOTA,RAV4,2010,SEATS:FRONT ASSEMBLY:SEAT HEATER/COOLER
TOYOTA,AVALON,2010,SEATS:FRONT ASSEMBLY:SEAT HEATER/COOLER
TOYOTA,TUNDRA,2009,SEATS:FRONT ASSEMBLY:SEAT HEATER/COOLER
TOYOTA,AVALON,2009,SEATS:FRONT ASSEMBLY:SEAT HEATER/COOLER
TOYOTA,SIENNA,2009,SEATS:FRONT ASSEMBLY:SEAT HEATER/COOLER
TOYOTA,RAV4,2009,SEATS:FRONT ASSEMBLY:SEAT HEATER/COOLER
TOYOTA,HIGHLANDER,2009,SEATS:FRONT ASSEMBLY:SEAT HEATER/COOLER
TOYOTA,FJ CRUISER,2009,SEATS:FRONT ASSEMBLY:SEAT HEATER/COOLER
TOYOTA,4RUNNER,2009,SEATS:FRONT ASSEMBLY:SEAT HEATER/COOLER
TOYOTA,SIENNA,2008,SEATS:FRONT ASSEMBLY:SEAT HEATER/COOLER
TOYOTA,4RUNNER,2008,SEATS:FRONT ASSEMBLY:SEAT HEATER/COOLER
TOYOTA,TACOMA,2009,SEATS:FRONT ASSEMBLY:SEAT HEATER/COOLER
TOYOTA,CAMRY,2009,SEATS:FRONT ASSEMBLY:SEAT HEATER/COOLER
TOYOTA,TUNDRA,2008,SEATS:FRONT ASSEMBLY:SEAT HEATER/COOLER
TOYOTA,SEQUOIA,2008,SEATS:FRONT ASSEMBLY:SEAT HEATER/COOLER
TOYOTA,TACOMA,2008,SEATS:FRONT ASSEMBLY:SEAT HEATER/COOLER
TOYOTA,RAV4,2008,SEATS:FRONT ASSEMBLY:SEAT HEATER/COOLER
TOYOTA,FJ CRUISER,2008,SEATS:FRONT ASSEMBLY:SEAT HEATER/COOLER
TOYOTA,CAMRY,2008,SEATS:FRONT ASSEMBLY:SEAT HEATER/COOLER
TOYOTA,AVALON,2008,SEATS:FRONT ASSEMBLY:SEAT HEATER/COOLER
TOYOTA,SIENNA,2007,SEATS:FRONT ASSEMBLY:SEAT HEATER/COOLER
TOYOTA,TUNDRA,2007,SEATS:FRONT ASSEMBLY:SEAT HEATER/COOLER
TOYOTA,HIGHLANDER,2008,SEATS:FRONT ASSEMBLY:SEAT HEATER/COOLER
TOYOTA,SIENNA,2006,SEATS:FRONT ASSEMBLY:SEAT HEATER/COOLER
TOYOTA,SIENNA,2005,SEATS:FRONT ASSEMBLY:SEAT HEATER/COOLER
TOYOTA,SEQUOIA,2005,SEATS:FRONT ASSEMBLY:SEAT HEATER/COOLER
TOYOTA,TACOMA,2007,SEATS:FRONT ASSEMBLY:SEAT HEATER/COOLER
TOYOTA,AVALON,2007,SEATS:FRONT ASSEMBLY:SEAT HEATER/COOLER
TOYOTA,4RUNNER,2007,SEATS:FRONT ASSEMBLY:SEAT HEATER/COOLER
TOYOTA,HIGHLANDER,2007,SEATS:FRONT ASSEMBLY:SEAT HEATER/COOLER
TOYOTA,SEQUOIA,2007,SEATS:FRONT ASSEMBLY:SEAT HEATER/COOLER
TOYOTA,RAV4,2007,SEATS:FRONT ASSEMBLY:SEAT HEATER/COOLER
TOYOTA,AVALON,2006,SEATS:FRONT ASSEMBLY:SEAT HEATER/COOLER
TOYOTA,CAMRY,2006,SEATS:FRONT ASSEMBLY:SEAT HEATER/COOLER
TOYOTA,TACOMA,2006,SEATS:FRONT ASSEMBLY:SEAT HEATER/COOLER
TOYOTA,SEQUOIA,2006,SEATS:FRONT ASSEMBLY:SEAT HEATER/COOLER
TOYOTA,FJ CRUISER,2007,SEATS:FRONT ASSEMBLY:SEAT HEATER/COOLER
TOYOTA,CAMRY,2007,SEATS:FRONT ASSEMBLY:SEAT HEATER/COOLER
TOYOTA,HIGHLANDER,2004,SEATS:FRONT ASSEMBLY:SEAT HEATER/COOLER
SUBARU,OUTBACK,2008,AIR BAGS:PASSENGER SIDE FRONTAL
SUBARU,IMPREZA,2005,AIR BAGS:PASSENGER SIDE FRONTAL
SUBARU,LEGACY,2008,AIR BAGS:PASSENGER SIDE FRONTAL
SUBARU,LEGACY,2007,AIR BAGS:PASSENGER SIDE FRONTAL
SUBARU,OUTBACK,2007,AIR BAGS:PASSENGER SIDE FRONTAL
SAAB,9-2X,2005,AIR BAGS:PASSENGER SIDE FRONTAL
SUBARU,LEGACY,2006,AIR BAGS:PASSENGER SIDE FRONTAL
SUBARU,OUTBACK,2006,AIR BAGS:PASSENGER SIDE FRONTAL
SUBARU,OUTBACK,2004,AIR BAGS:PASSENGER SIDE FRONTAL
SUBARU,OUTBACK,2005,AIR BAGS:PASSENGER SIDE FRONTAL
SUBARU,BAJA,2004,AIR BAGS:PASSENGER SIDE FRONTAL
SUBARU,BAJA,2003,AIR BAGS:PASSENGER SIDE FRONTAL
SUBARU,LEGACY,2005,AIR BAGS:PASSENGER SIDE FRONTAL
SUBARU,LEGACY,2004,AIR BAGS:PASSENGER SIDE FRONTAL
SUBARU,LEGACY,2003,AIR BAGS:PASSENGER SIDE FRONTAL
SUBARU,OUTBACK,2003,AIR BAGS:PASSENGER SIDE FRONTAL
JEEP,GRAND CHEROKEE,2016,"SERVICE BRAKES, HYDRAULIC:FOUNDATION "
DODGE,DURANGO,2016,"SERVICE BRAKES, HYDRAULIC:FOUNDATION "
DODGE,DURANGO,2015,"SERVICE BRAKES, HYDRAULIC:FOUNDATION "
JEEP,GRAND CHEROKEE,2015,"SERVICE BRAKES, HYDRAULIC:FOUNDATION "
RAM,1500,2015,ENGINE AND ENGINE COOLING:ENGINE:DIESEL
RAM,1500,2015,ELECTRICAL SYSTEM:BATTERY:CABLES
RAM,1500,2014,ENGINE AND ENGINE COOLING:ENGINE:DIESEL
RAM,1500,2014,ELECTRICAL SYSTEM:BATTERY:CABLES
MAZDA,RX-8,2011,AIR BAGS:PASSENGER SIDE FRONTAL
MAZDA,RX-8,2010,AIR BAGS:PASSENGER SIDE FRONTAL
MAZDA,RX-8,2010,AIR BAGS:PASSENGER SIDE FRONTAL
MAZDA,RX-8,2008,AIR BAGS:PASSENGER SIDE FRONTAL
MAZDA,RX-8,2008,AIR BAGS:PASSENGER SIDE FRONTAL
MAZDA,RX-8,2008,AIR BAGS:PASSENGER SIDE FRONTAL
MAZDA,RX-8,2011,AIR BAGS:PASSENGER SIDE FRONTAL
MAZDA,RX-8,2009,AIR BAGS:PASSENGER SIDE FRONTAL
MAZDA,RX-8,2009,AIR BAGS:PASSENGER SIDE FRONTAL
MAZDA,MAZDA6,2006,AIR BAGS:PASSENGER SIDE FRONTAL
MAZDA,MAZDA6,2006,AIR BAGS:PASSENGER SIDE FRONTAL
MAZDA,MPV,2006,AIR BAGS:PASSENGER SIDE FRONTAL
MAZDA,MPV,2006,AIR BAGS:PASSENGER SIDE FRONTAL
MAZDA,MPV,2006,AIR BAGS:PASSENGER SIDE FRONTAL
MAZDA,MAZDA6,2007,AIR BAGS:PASSENGER SIDE FRONTAL
MAZDA,MAZDASPEED6,2007,AIR BAGS:PASSENGER SIDE FRONTAL
MAZDA,MAZDASPEED6,2006,AIR BAGS:PASSENGER SIDE FRONTAL
MAZDA,MAZDA6,2008,AIR BAGS:PASSENGER SIDE FRONTAL
MAZDA,MAZDA6,2008,AIR BAGS:PASSENGER SIDE FRONTAL
MAZDA,RX-8,2007,AIR BAGS:PASSENGER SIDE FRONTAL
MAZDA,RX-8,2007,AIR BAGS:PASSENGER SIDE FRONTAL
MAZDA,RX-8,2007,AIR BAGS:PASSENGER SIDE FRONTAL
MAZDA,MPV,2004,AIR BAGS:PASSENGER SIDE FRONTAL
MAZDA,MPV,2004,AIR BAGS:PASSENGER SIDE FRONTAL
MAZDA,MPV,2004,AIR BAGS:PASSENGER SIDE FRONTAL
MAZDA,MPV,2004,AIR BAGS:PASSENGER SIDE FRONTAL
MAZDA,MPV,2004,AIR BAGS:PASSENGER SIDE FRONTAL
MAZDA,RX-8,2004,AIR BAGS:PASSENGER SIDE FRONTAL
MAZDA,RX-8,2004,AIR BAGS:PASSENGER SIDE FRONTAL
MAZDA,RX-8,2004,AIR BAGS:PASSENGER SIDE FRONTAL
MAZDA,RX-8,2004,AIR BAGS:PASSENGER SIDE FRONTAL
MAZDA,RX-8,2004,AIR BAGS:PASSENGER SIDE FRONTAL
MAZDA,RX-8,2004,AIR BAGS:PASSENGER SIDE FRONTAL
MAZDA,MAZDA6,2004,AIR BAGS:PASSENGER SIDE FRONTAL
MAZDA,MAZDA6,2004,AIR BAGS:PASSENGER SIDE FRONTAL
MAZDA,MAZDA6,2003,AIR BAGS:PASSENGER SIDE FRONTAL
MAZDA,MAZDA6,2003,AIR BAGS:PASSENGER SIDE FRONTAL
MAZDA,RX-8,2006,AIR BAGS:PASSENGER SIDE FRONTAL
MAZDA,RX-8,2006,AIR BAGS:PASSENGER SIDE FRONTAL
MAZDA,RX-8,2006,AIR BAGS:PASSENGER SIDE FRONTAL
MAZDA,MPV,2005,AIR BAGS:PASSENGER SIDE FRONTAL
MAZDA,MPV,2005,AIR BAGS:PASSENGER SIDE FRONTAL
MAZDA,MPV,2005,AIR BAGS:PASSENGER SIDE FRONTAL
MAZDA,MPV,2005,AIR BAGS:PASSENGER SIDE FRONTAL
MAZDA,MAZDA6,2005,AIR BAGS:PASSENGER SIDE FRONTAL
MAZDA,MAZDA6,2005,AIR BAGS:PASSENGER SIDE FRONTAL
MAZDA,RX-8,2005,AIR BAGS:PASSENGER SIDE FRONTAL
MAZDA,RX-8,2005,AIR BAGS:PASSENGER SIDE FRONTAL
MAZDA,RX-8,2005,AIR BAGS:PASSENGER SIDE FRONTAL
